{"loss_total_iter": 0.00023595480888616294, "_timestamp": 1704848622, "_runtime": 150245, "_step": 11425, "loss_total": 16.988830433910664, "acc_val": 0.744205161926681}