{"loss_total_iter": 0.00842728465795517, "_timestamp": 1703643830, "_runtime": 4554, "_step": 76, "loss_total": 56.511754342354834, "acc_val": 0.8070031234588197}