{"loss_total_iter": 0.4959549009799957, "_timestamp": 1704697732, "_runtime": 441926, "_step": 7769, "loss_total": 1775.2561268806458, "acc_val": 0.5405227683708697}