{"loss_total_iter": 0.8037078380584717, "_timestamp": 1703809577, "_runtime": 64687, "_step": 1650, "loss_total": 1829.471719533205, "acc_val": 0.38681571592964}