{"loss_total_iter": 0.000154233566718176, "_timestamp": 1704848835, "_runtime": 150477, "_step": 10526, "loss_total": 0.4961016812712842, "acc_val": 0.8737465066578991}