{"loss_total_iter": 0.8703328371047974, "_timestamp": 1703553923, "_runtime": 3789, "_step": 55, "loss_total": 571.540570139885, "acc_val": 0.6348841032385336}