{"loss_total_iter": 1.0979957580566406, "_timestamp": 1703050860, "_runtime": 19615, "_step": 647, "loss_total": 299.9350391626358, "acc_val": 0.6243629787933586}