{"loss_total_iter": 0.317412793636322, "_timestamp": 1703810721, "_runtime": 1106, "_step": 85, "loss_total": 249.07680147886276, "acc_val": 0.3761301989150091}