{"loss_total_iter": 6.251506420085207e-05, "_timestamp": 1701957059, "_runtime": 20988, "_step": 2519, "loss_total": 0.22854199400308062, "acc_val": 0.8969258589511755, "_wandb": {"runtime": 20982}}