{"loss_total_iter": 1.0955452919006348, "_timestamp": 1703031060, "_runtime": 81531, "_step": 1524, "loss_total": 601.4940437078476, "acc_val": 0.17129705737300674}