{"loss_total_iter": 1.094547986984253, "_timestamp": 1703744734, "_runtime": 100655, "_step": 3797, "loss_total": 2408.665358185768, "acc_val": 0.20384678612526716}