{"loss_total_iter": 1.1039628982543945, "_timestamp": 1703053982, "_runtime": 2737, "_step": 165, "loss_total": 602.2272166013718, "acc_val": 0.17129705737300674}