{"loss_total_iter": 0.13957197964191437, "_timestamp": 1703806770, "_runtime": 162344, "_step": 2705, "loss_total": 52.69767095669158, "acc_val": 0.8328127568633898}