{"loss_total_iter": 1.1332290172576904, "_timestamp": 1704677095, "_runtime": 421305, "_step": 7475, "loss_total": 1826.311307221651, "acc_val": 0.4732862074634227}