{"loss_total_iter": 0.09427742660045624, "_timestamp": 1702863455, "_runtime": 607, "_step": 139, "loss_total": 20.063374899327755, "acc_val": 0.8767055729081046}