{"loss_total_iter": 0.0009252225863747299, "_timestamp": 1702534473, "_runtime": 20841, "_step": 2519, "loss_total": 0.19629949967520588, "acc_val": 0.9066250205490712, "_wandb": {"runtime": 20843}}