{"loss_total_iter": 0.00022202215041033924, "_timestamp": 1702361908, "_runtime": 21026, "_step": 2519, "loss_total": 0.1190378050093841, "acc_val": 0.8952819332566169, "_wandb": {"runtime": 21027}}