{"loss_total_iter": 0.8588507771492004, "_timestamp": 1703634692, "_runtime": 80706, "_step": 1198, "loss_total": 436.782857298851, "acc_val": 0.48298536906131845}