{"loss_total_iter": 5.21608380950056e-05, "_timestamp": 1702610420, "_runtime": 13108, "_step": 2519, "loss_total": 0.23337878535312484, "acc_val": 0.897419036659543, "_wandb": {"runtime": 13109}}