{"loss_total_iter": 0.0009084659395739436, "_timestamp": 1702445653, "_runtime": 20738, "_step": 2519, "loss_total": 0.19287424368758366, "acc_val": 0.9053098799934244, "_wandb": {"runtime": 20740}}