{"loss_total_iter": 0.09279284626245499, "_timestamp": 1703636068, "_runtime": 86738, "_step": 1623, "loss_total": 52.37563265720382, "acc_val": 0.8497451915173435, "_wandb": {"runtime": 86744}}