{"loss_total_iter": 1.583890843903646e-05, "_timestamp": 1702545862, "_runtime": 35467, "_step": 5489, "loss_total": 0.04615694138644244, "acc_val": 0.9182485540560581, "_wandb": {"runtime": 35468}}