{"loss_total_iter": 2.9715643904637545e-05, "_timestamp": 1702334276, "_runtime": 82764, "_step": 19079, "loss_total": 0.10381300850650987, "acc_val": 0.9166759537872878, "_wandb": {"runtime": 82766}}