{"loss_total_iter": 0.00022746877220924944, "_timestamp": 1702013828, "_runtime": 20191, "_step": 2519, "loss_total": 0.2448356588902243, "acc_val": 0.9049810948545126, "_wandb": {"runtime": 20193}}