{"loss_total_iter": 0.7578029036521912, "_timestamp": 1704242684, "_runtime": 90119, "_step": 2801, "loss_total": 2065.007980287075, "acc_val": 0.28949531481177054}