{"loss_total_iter": 0.44220107793807983, "_timestamp": 1703222715, "_runtime": 6800, "_step": 223, "loss_total": 119.58911773562431, "acc_val": 0.6702285056715437}